{
    "TORGO": 0.5642251540080705,
    "UASPEECH": 0.7449101796407186,
    "L2Arctic": 0.1861270622075391
}