{
    "TORGO: control": 0.2049921168272232,
    "TORGO: dysarthric": 0.6945193231206093,
    "UASPEECH: control": 0.17251755265797392,
    "UASPEECH: dysarthric": 0.845328171740278
}