{
    "TORGO": {
        "wer": 0.32460732984293195,
        "cer": 0.21825813221406087
    },
    "UASPEECH": {
        "wer": 0.2699443413729128,
        "cer": 0.18403755868544602
    },
    "L2Arctic": "Not in dataset"
}