{
    "all": {
        "wer": 0.33584905660377357,
        "cer": 0.21108222294442638
    },
    "dysarthria": {
        "wer": 0.5697674418604651,
        "cer": 0.36798088410991636
    }
}