,wer,cer
high,0.12303664921465969,0.08790675084992715
low,0.4890829694323144,0.28180354267310787
very low,0.8910891089108911,0.7184633027522935
mid,0.3739130434782609,0.18515562649640863
