,wer,cer
2.333,0.8853211009174312,0.7148148148148148
1.666,0.9148936170212766,0.8008948545861297
8,0.3192982456140351,0.22645578720345075
5.333,0.6973684210526315,0.6112676056338028
