{
    "TORGO: control": {
        "wer": 0.18137254901960784,
        "cer": 0.08682385575589459
    },
    "TORGO: dysarthric": {
        "wer": 0.6285289747399703,
        "cer": 0.5077910174152154
    },
    "UASPEECH: control": {
        "wer": 0.06620553359683795,
        "cer": 0.02584456341148237
    },
    "UASPEECH: dysarthric": {
        "wer": 0.45017482517482516,
        "cer": 0.32010161956176564
    },
    "control (all)": {
        "wer": 0.13360655737704918,
        "cer": 0.06066365724241704
    },
    "dysarthric (all)": {
        "wer": 0.5162355531095212,
        "cer": 0.3842858635461289
    }
}