{
    "TORGO": {
        "wer": 0.45691906005221933,
        "cer": 0.3058401256262619
    },
    "UASPEECH": {
        "wer": 0.5775211017325633,
        "cer": 0.43674890184269416
    },
    "L2Arctic": {
        "wer": 0.036913032560475435,
        "cer": 0.011943143015961248
    }
}