,wer,cer
high,0.2037519541427827,0.09219650356480125
very low,1.002643754130866,0.9169867426589022
low,0.9654874892148404,0.724848291280741
mid,0.7437011294526499,0.4718424479166667
