,wer,cer
5.333,0.9055649241146712,0.6631980575789108
2.333,0.9664107485604606,0.6962223527109024
8,0.2619718309859155,0.1431611963705612
1.666,0.926829268292683,0.6666666666666666
