{
    "TORGO: control": {
        "wer": 0.03955901426718547,
        "cer": 0.018119614799797262
    },
    "TORGO: dysarthric": {
        "wer": 0.625392670157068,
        "cer": 0.4262755913864432
    },
    "UASPEECH: control": {
        "wer": 0.016815034619188922,
        "cer": 0.004743659916073709
    },
    "UASPEECH: dysarthric": {
        "wer": 0.6762452107279694,
        "cer": 0.5138364370360724
    },
    "control (all)": {
        "wer": 0.03055229142185664,
        "cer": 0.012637403723921335
    },
    "dysarthric (all)": {
        "wer": 0.6559297218155198,
        "cer": 0.4805325801896308
    }
}