{
    "TORGO": 0.4559068552891477,
    "UASPEECH": 0.39414519906323187,
    "L2Arctic": 0.19510527868389269
}