{
    "TORGO: control": 0.32748624481579025,
    "TORGO: dysarthric": 0.6884679093682309,
    "UASPEECH: control": 0.1577889447236181,
    "UASPEECH: dysarthric": 0.6004385964912281
}