{
    "intensity_mono_1.": {
        "wer": 0.5305005473181411,
        "cer": 0.22287638216841757
    },
    "pitch_1.": {
        "wer": 0.4424320827943079,
        "cer": 0.17436020090887347
    },
    "rate_12.": {
        "wer": 0.470594088964076,
        "cer": 0.18274980221882878
    },
    "wav_ctl": {
        "wer": 0.3950641854910936,
        "cer": 0.14733317388184644
    },
    "intensity_dropoff_30.": {
        "wer": 0.41626032441038907,
        "cer": 0.1560723419130499
    },
    "rate_14.": {
        "wer": 0.5409493481938501,
        "cer": 0.21008959947013045
    },
    "rate_08.": {
        "wer": 0.43606328987959003,
        "cer": 0.17763508913951392
    }
}