{
    "rate_dys_07.": {
        "wer": 1.1549912434325744,
        "cer": 0.6852991954135313
    },
    "rate_dys_08.": {
        "wer": 1.1661120840630472,
        "cer": 0.6849734519039709
    },
    "wav_ctl": {
        "wer": 1.193974954023995,
        "cer": 0.6878634371996808
    },
    "rate_dys_09.": {
        "wer": 1.1741681260945709,
        "cer": 0.6844685494641519
    },
    "wav_dys": {
        "wer": 1.0,
        "cer": 0.8
    }
}