{
    "TORGO": {
        "wer": 0.549397385216713,
        "cer": 0.3494348419884094
    },
    "UASPEECH": {
        "wer": 0.6204882432230043,
        "cer": 0.4518455401786239
    },
    "L2Arctic": {
        "wer": 0.18161682765818385,
        "cer": 0.05949449587056886
    }
}