,wer,wer,wer,wer,cer,cer,cer,cer
,mean,std,max,min,mean,std,max,min
l1,,,,,,,,
Arabic,0.17862510832694317,0.15454988440760778,0.75,0.0,0.05717087729109183,0.06045821403786683,0.3466666666666667,0.0
Chinese,0.2074995923447251,0.1740341884285534,0.8571428571428571,0.0,0.0709657858532551,0.07149488612130449,0.5416666666666666,0.0
Hindi,0.12015979350050147,0.13194109114321279,0.75,0.0,0.03360626695236302,0.04020091394106941,0.19230769230769232,0.0
Korean,0.13180802727262905,0.13484295988112321,0.75,0.0,0.041182873840070036,0.04894358206834583,0.2972972972972973,0.0
Spanish,0.18405540166903805,0.17064784696542576,1.0,0.0,0.059050905435637784,0.06603011636996334,0.4444444444444444,0.0
Vietnamese,0.2675118821689618,0.19529254344819158,1.0,0.0,0.0948962371286706,0.08169426221258266,0.37333333333333335,0.0
