,wer,wer,wer,wer,cer,cer,cer,cer
,mean,std,max,min,mean,std,max,min
intl,,,,,,,,
1.666,0.9639382239382239,0.44400905974725324,4.0,0.0,0.6392647771480181,0.3988553312096258,2.8,0.0
2,0.8516081871345029,0.349231861868977,1.0,0.0,0.5841009064729049,0.319812417850916,1.0,0.0
2.333,0.9888431938431939,0.4290756923871702,6.0,0.0,0.6843765223691712,0.3131436144567372,2.6,0.0
5.333,0.9036535506047702,0.4123267213781071,3.0,0.0,0.6518175920677591,0.36736293369379136,2.3333333333333335,0.0
8,0.41538463558114214,0.46482233928471656,2.0,0.0,0.22630334286216722,0.37289542463857217,5.333333333333333,0.0
