{
    "TORGO: control": {
        "wer": 0.12070058320058322,
        "cer": 0.041339486510839935
    },
    "TORGO: dysarthric": {
        "wer": 0.71313190572868,
        "cer": 0.46710739066113266
    },
    "UASPEECH: control": {
        "wer": 0.06569709127382146,
        "cer": 0.014297807953775858
    },
    "UASPEECH: dysarthric": {
        "wer": 0.7178697183098591,
        "cer": 0.5286474924723165
    }
}