,wer,wer,wer,wer,cer,cer,cer,cer
,mean,std,max,min,mean,std,max,min
intl,,,,,,,,
high,0.31763157894736843,0.4800163142881305,3.0,0.0,0.13628135607082975,0.2744962692235991,3.125,0.0
low,0.9468641114982579,0.4067421234815647,4.0,0.0,0.7070845506603346,0.37709815450321627,2.5,0.0
mid,0.783641160949868,0.5865089225166217,7.0,0.0,0.47948557354889804,0.4180743780000472,3.0,0.0
very low,1.0006688963210701,0.1696506590622832,4.0,0.0,0.9276755982776049,0.2942048105892168,4.25,0.0
