{
    "TORGO": {
        "wer": 0.20927092709270928,
        "cer": 0.10527267794157548
    },
    "UASPEECH": {
        "wer": 0.17630597014925373,
        "cer": 0.10641116213352173
    },
    "L2Arctic": {
        "wer": 0.06273249915454852,
        "cer": 0.021581059390048153
    }
}