{
    "TORGO: control": {
        "wer": 0.09742519137091162,
        "cer": 0.03963287442636629
    },
    "TORGO: dysarthric": {
        "wer": 0.4140127388535032,
        "cer": 0.22736678737713398
    },
    "UASPEECH: control": {
        "wer": 0.03290129611166501,
        "cer": 0.012416604892512973
    },
    "UASPEECH: dysarthric": {
        "wer": 0.3023663453111306,
        "cer": 0.19197031039136303
    },
    "control (all)": {
        "wer": 0.0709016393442623,
        "cer": 0.027965361086835623
    },
    "dysarthric (all)": {
        "wer": 0.34787123572170303,
        "cer": 0.20594241372268737
    }
}