,wer,cer
high,0.05714285714285714,0.028831562974203338
very low,0.6946308724832215,0.5436766623207301
mid,0.18859649122807018,0.07692307692307693
low,0.3173913043478261,0.1280334728033473
