{
    "TORGO": {
        "wer": 0.5861405197305101,
        "cer": 0.32505729564553093
    },
    "UASPEECH": {
        "wer": 0.8937282229965157,
        "cer": 0.4761866773035501
    },
    "L2Arctic": {
        "wer": 0.21968186810951548,
        "cer": 0.08942529447273516
    }
}