{
    "all": {
        "wer": 1.0826245443499392,
        "cer": 0.45076898684001904
    },
    "dysarthria": {
        "wer": 1.5255474452554745,
        "cer": 0.7011749761829152
    }
}