{
    "TORGO: control": {
        "wer": 0.33365570599613154,
        "cer": 0.14030131826741996
    },
    "TORGO: dysarthric": {
        "wer": 0.8362068965517241,
        "cer": 0.5151104223169314
    },
    "UASPEECH: control": {
        "wer": 0.5482758620689655,
        "cer": 0.21983235805788393
    },
    "UASPEECH: dysarthric": {
        "wer": 1.2464788732394365,
        "cer": 0.7371216999356085
    },
    "control (all)": {
        "wer": 0.4471285323609845,
        "cer": 0.18352961402905527
    },
    "dysarthric (all)": {
        "wer": 1.05,
        "cer": 0.6363636363636364
    }
}