,wer,cer
1.666,1.2259887005649717,0.7787081339712919
8,0.636231884057971,0.38882521489971344
