,wer,cer
high,0.7052631578947368,0.3221222169587873
low,1.5963541666666667,0.9607843137254902
very low,1.4381720430107527,0.9402985074626866
