{
    "TORGO": {
        "wer": 0.5427542754275427,
        "cer": 0.2954689337071538
    },
    "UASPEECH": {
        "wer": 0.14132462686567165,
        "cer": 0.08804309431296362
    },
    "L2Arctic": {
        "wer": 0.08019107203246534,
        "cer": 0.027808988764044945
    }
}