{
    "all": {
        "wer": 0.204,
        "cer": 0.11397581792318634
    },
    "dysarthria": {
        "wer": 0.3795811518324607,
        "cer": 0.2205726405090138
    }
}