,wer,cer
2.333,0.9663865546218487,0.7931338028169014
8,0.504,0.26802507836990597
5.333,0.9074074074074074,0.7414448669201521
1.666,0.953125,0.7379310344827587
