,wer,cer
high,0.04155844155844156,0.019726858877086494
very low,0.6241610738255033,0.4771838331160365
mid,0.12280701754385964,0.0425531914893617
low,0.22608695652173913,0.11297071129707113
