{
    "TORGO: control": {
        "wer": 0.43702157272094644,
        "cer": 0.1736893338895842
    },
    "TORGO: dysarthric": {
        "wer": 0.7363057324840764,
        "cer": 0.5219865494050698
    },
    "UASPEECH: control": {
        "wer": 0.020937188434695914,
        "cer": 0.007227575982209044
    },
    "UASPEECH: dysarthric": {
        "wer": 0.24715162138475022,
        "cer": 0.1616059379217274
    },
    "control (all)": {
        "wer": 0.2659836065573771,
        "cer": 0.1023277985222849
    },
    "dysarthric (all)": {
        "wer": 0.446521287642783,
        "cer": 0.30385950581988974
    }
}