{
    "TORGO": {
        "wer": 0.4142678347934919,
        "cer": 0.22443070801804682
    },
    "UASPEECH": {
        "wer": 0.20416666666666666,
        "cer": 0.13090221037240904
    },
    "L2Arctic": {
        "wer": 0.12426528825711784,
        "cer": 0.04593280948945044
    }
}