,wer,cer
mid,0.24675324675324675,0.11984126984126985
very low,0.7814569536423841,0.6227801592161666
high,0.046632124352331605,0.014807502467917079
low,0.39914163090128757,0.22113022113022113
