{
    "TORGO: control": {
        "wer": 0.28852546203962237,
        "cer": 0.11648121481869354
    },
    "TORGO: dysarthric": {
        "wer": 0.6723055934515689,
        "cer": 0.4521902447108214
    },
    "UASPEECH: control": {
        "wer": 0.03670634920634921,
        "cer": 0.009841443411700382
    },
    "UASPEECH: dysarthric": {
        "wer": 0.3506944444444444,
        "cer": 0.23908794788273616
    },
    "control (all)": {
        "wer": 0.25876421620354084,
        "cer": 0.10308593928849412
    },
    "dysarthric (all)": {
        "wer": 0.5953913223998339,
        "cer": 0.3982180423214949
    }
}