{
    "TORGO": {
        "wer": 0.4578515479298769,
        "cer": 0.30703656621550884
    },
    "UASPEECH": {
        "wer": 0.5671553383681327,
        "cer": 0.4523303036163218
    },
    "L2Arctic": {
        "wer": 0.025571273122959738,
        "cer": 0.007059477487493052
    }
}