,wer,cer
high,0.2235539343408025,0.10411172966109972
very low,0.9887640449438202,0.9350761987362161
low,0.917169974115617,0.7387416160970935
mid,0.7176368375325803,0.50634765625
