{
    "TORGO: control": {
        "wer": 0.02594033722438392,
        "cer": 0.0122909275215408
    },
    "TORGO: dysarthric": {
        "wer": 0.6321989528795812,
        "cer": 0.4304126445316644
    },
    "UASPEECH: control": {
        "wer": 0.01582591493570722,
        "cer": 0.004196314541142127
    },
    "UASPEECH: dysarthric": {
        "wer": 0.6642284918146987,
        "cer": 0.5322958718583148
    }
}