{
    "TORGO": {
        "wer": 0.474449832152182,
        "cer": 0.2998579226800269
    },
    "UASPEECH": {
        "wer": 0.6391233525840367,
        "cer": 0.4552587230985993
    },
    "L2Arctic": {
        "wer": 0.07211015317652968,
        "cer": 0.023544826490907646
    }
}