,wer,cer
high,0.2584679520583637,0.122082234593222
very low,1.0859220092531394,0.9457316317680585
low,1.080241587575496,0.7299584797189397
mid,0.7854039965247611,0.4876302083333333
