{
    "TORGO: control": {
        "wer": 0.038910505836575876,
        "cer": 0.018626457171819565
    },
    "TORGO: dysarthric": {
        "wer": 0.650261780104712,
        "cer": 0.4175771719529012
    },
    "UASPEECH: control": {
        "wer": 0.020771513353115726,
        "cer": 0.005291005291005291
    },
    "UASPEECH: dysarthric": {
        "wer": 0.7479972135144549,
        "cer": 0.5355515041020966
    },
    "control (all)": {
        "wer": 0.03172737955346651,
        "cer": 0.013160846481716892
    },
    "dysarthric (all)": {
        "wer": 0.7089521020706965,
        "cer": 0.4906798466814606
    }
}