{
    "TORGO": {
        "wer": 0.25112511251125114,
        "cer": 0.12119019625576558
    },
    "UASPEECH": {
        "wer": 0.20009328358208955,
        "cer": 0.1216001412928294
    },
    "L2Arctic": {
        "wer": 0.11916638484950964,
        "cer": 0.044614767255216695
    }
}