{
    "all": {
        "wer": 0.256,
        "cer": 0.14100284495021337
    },
    "dysarthria": {
        "wer": 0.468586387434555,
        "cer": 0.2686461647225168
    }
}