,wer,cer
2.333,0.6890756302521008,0.39348591549295775
8,0.22133333333333333,0.0961337513061651
5.333,0.5833333333333334,0.3612167300380228
1.666,0.703125,0.46206896551724136
