,wer,cer
high,0.07272727272727272,0.03186646433990895
very low,0.7651006711409396,0.5736636245110821
mid,0.2719298245614035,0.13502454991816695
low,0.3347826086956522,0.16401673640167364
