{
    "TORGO: control": {
        "wer": 0.14126652748782184,
        "cer": 0.05353914615491587
    },
    "TORGO: dysarthric": {
        "wer": 0.45222929936305734,
        "cer": 0.24702534919813762
    },
    "UASPEECH: control": {
        "wer": 0.03389830508474576,
        "cer": 0.013528539659006671
    },
    "UASPEECH: dysarthric": {
        "wer": 0.3461875547765118,
        "cer": 0.21997300944669365
    },
    "control (all)": {
        "wer": 0.0971311475409836,
        "cer": 0.03638674823230317
    },
    "dysarthric (all)": {
        "wer": 0.3894080996884735,
        "cer": 0.2306514192362671
    }
}