{
    "TORGO": 0.6388715539612189,
    "UASPEECH": 0.8166167664670658,
    "L2Arctic": 0.21147857255346075
}