{
    "TORGO: control": 0.34466685304451267,
    "TORGO: dysarthric": 0.7455798827824551,
    "UASPEECH: control": 0.30992978936810434,
    "UASPEECH: dysarthric": 0.9055076544078832
}