,wer,wer,wer,wer
,mean,std,max,min
intl,,,,
1.666,0.9379740730284208,0.5061946935710078,4.0,0.0
2,0.8263556618819776,0.3569516211975851,1.0,0.0
2.333,0.954110868500789,0.31677422682418144,2.4,0.0
5.333,0.9461137615219248,0.33779673402720267,4.0,0.0
8,0.5031640846308476,0.4968600992532145,4.0,0.0
