{
    "TORGO": 0.6635800236439701,
    "UASPEECH": 0.7275132275132276,
    "L2Arctic": "Not in dataset"
}