{
    "TORGO": "Not in dataset",
    "UASPEECH": 0.6512724550898203,
    "L2Arctic": 0.14311150329220373
}