{
    "TORGO": 0.4485692368842678,
    "UASPEECH": 0.2180327868852459,
    "L2Arctic": 0.13316517064654174
}