{
    "TORGO: control": 0.3170456861241662,
    "TORGO: dysarthric": 0.6867495062993456,
    "UASPEECH: control": 0.036180904522613064,
    "UASPEECH: dysarthric": 0.3767543859649123
}