{
    "TORGO": {
        "wer": 0.24032403240324032,
        "cer": 0.11214615175906666
    },
    "UASPEECH": {
        "wer": 0.18563432835820895,
        "cer": 0.11638996820911339
    },
    "L2Arctic": {
        "wer": 0.10669597565099763,
        "cer": 0.03532905296950241
    }
}