{
    "TORGO: control": {
        "wer": 0.13221990257480862,
        "cer": 0.04700319844249757
    },
    "TORGO: dysarthric": {
        "wer": 0.43821656050955415,
        "cer": 0.23331608898085876
    },
    "UASPEECH: control": {
        "wer": 0.038883349950149554,
        "cer": 0.015381764269829503
    },
    "UASPEECH: dysarthric": {
        "wer": 0.31463628396143734,
        "cer": 0.20833333333333334
    }
}