,wer,cer
high,0.07012987012987013,0.02832574607991907
very low,0.7046979865771812,0.5580182529335072
mid,0.20614035087719298,0.10065466448445172
low,0.32608695652173914,0.16736401673640167
