{
    "TORGO": {
        "wer": 0.48526669153301005,
        "cer": 0.30337246691093994
    },
    "UASPEECH": {
        "wer": 0.6475640456093588,
        "cer": 0.47316075917893746
    },
    "L2Arctic": {
        "wer": 0.07445383778354399,
        "cer": 0.024458032240133407
    }
}