,wer,cer
high,0.2756644085461178,0.13263013966207637
very low,1.0760079312623927,0.95836947094536
low,1.0716134598792062,0.7574257425742574
mid,0.8279756733275413,0.5301106770833334
