{
    "TORGO: control": {
        "wer": 0.04734111543450065,
        "cer": 0.019766852508869743
    },
    "TORGO: dysarthric": {
        "wer": 0.662041884816754,
        "cer": 0.4220854990983346
    },
    "UASPEECH: control": {
        "wer": 0.020771513353115726,
        "cer": 0.0062032475825579275
    },
    "UASPEECH: dysarthric": {
        "wer": 0.7579240682688958,
        "cer": 0.5564852194296133
    },
    "control (all)": {
        "wer": 0.03681942812377595,
        "cer": 0.014207731997308008
    },
    "dysarthric (all)": {
        "wer": 0.719619326500732,
        "cer": 0.5053661488803712
    }
}