{
    "L2": {
        "high": 0.13677159209157128,
        "low": 0.7087947189097104,
        "mid": 0.42750850340136054,
        "very low": 2.665409121395037
    }
}