{
    "all": {
        "wer": 0.26506024096385544,
        "cer": 0.1432851603806838
    },
    "dysarthria": {
        "wer": 0.45498783454987834,
        "cer": 0.2567741935483871
    }
}