,wer,cer
high,0.06958762886597938,0.032670454545454544
mid,0.22077922077922077,0.11018363939899833
very low,0.7251655629139073,0.5524518932340161
low,0.33620689655172414,0.17684887459807075
