,wer,cer
8,0.1871345029239766,0.08385985066053991
5.333,0.5826086956521739,0.33218588640275387
1.666,0.75,0.42961165048543687
2.333,0.5758928571428571,0.3101555352241537
