{
    "TORGO": {
        "wer": 0.28172817281728174,
        "cer": 0.1402731301438003
    },
    "UASPEECH": {
        "wer": 0.2332089552238806,
        "cer": 0.14005651713175557
    },
    "L2Arctic": "Not in dataset"
}