{
    "all": {
        "wer": 0.292,
        "cer": 0.15736130867709816
    },
    "dysarthria": {
        "wer": 0.5026178010471204,
        "cer": 0.2898550724637681
    }
}