,wer,cer
high,0.1012987012987013,0.041982802225594334
very low,0.8221476510067114,0.6290743155149935
mid,0.2894736842105263,0.13584288052373159
low,0.43478260869565216,0.22510460251046024
