,wer,cer
2.333,0.7773109243697479,0.4551056338028169
8,0.2693333333333333,0.1206896551724138
5.333,0.6574074074074074,0.4448669201520912
1.666,0.671875,0.4517241379310345
