{
    "TORGO: control": {
        "wer": 0.15727209464161448,
        "cer": 0.06090947017104714
    },
    "TORGO: dysarthric": {
        "wer": 0.5095541401273885,
        "cer": 0.28789446456285567
    },
    "UASPEECH: control": {
        "wer": 0.049850448654037885,
        "cer": 0.019088213491475166
    },
    "UASPEECH: dysarthric": {
        "wer": 0.3943908851884312,
        "cer": 0.25016869095816463
    },
    "control (all)": {
        "wer": 0.11311475409836065,
        "cer": 0.04298085326130134
    },
    "dysarthric (all)": {
        "wer": 0.44132917964693663,
        "cer": 0.26506024096385544
    }
}