{
    "TORGO": {
        "wer": 0.2780249110320285,
        "cer": 0.13752954565350609
    },
    "UASPEECH": {
        "wer": 0.22505800464037123,
        "cer": 0.14508539560822586
    },
    "L2Arctic": "Not in dataset"
}