{
    "DYS": {
        "high": 0.17904526534859522,
        "low": 1.0537691652470187,
        "mid": 0.686437074829932,
        "very low": 2.864101274312542
    }
}