{
    "TORGO: control": {
        "wer": 0.14576271186440679,
        "cer": 0.05963665086887836
    },
    "TORGO: dysarthric": {
        "wer": 0.5304010349288486,
        "cer": 0.29213483146067415
    },
    "UASPEECH: control": {
        "wer": 0.05089820359281437,
        "cer": 0.016192807380907552
    },
    "UASPEECH: dysarthric": {
        "wer": 0.3764093668690373,
        "cer": 0.2561232765612328
    },
    "control (all)": {
        "wer": 0.10738796931772306,
        "cer": 0.041760285116603395
    },
    "dysarthric (all)": {
        "wer": 0.43821391484942884,
        "cer": 0.26991593274619696
    }
}