,wer,cer
8,0.23976608187134502,0.11659965537047674
5.333,0.7391304347826086,0.4165232358003442
1.666,0.8478260869565217,0.558252427184466
2.333,0.7366071428571429,0.40530649588289114
