,wer,cer
high,0.07731958762886598,0.034564393939393936
mid,0.30735930735930733,0.15108514190317196
very low,0.8013245033112583,0.6399751707014277
low,0.3922413793103448,0.23633440514469453
