{
    "TORGO: control": "Not in dataset",
    "TORGO: dysarthric": "Not in dataset",
    "UASPEECH: control": {
        "wer": 0.05025125628140704,
        "cer": 0.015262205689341366
    },
    "UASPEECH: dysarthric": {
        "wer": 0.32427695004382123,
        "cer": 0.18377157218086226
    }
}