{
    "TORGO": {
        "wer": 0.23087308730873088,
        "cer": 0.1083476530704531
    },
    "UASPEECH": {
        "wer": 0.166044776119403,
        "cer": 0.10296714941716707
    },
    "L2Arctic": {
        "wer": 0.06518430842069665,
        "cer": 0.022263242375601927
    }
}