,wer,cer
2.333,0.6008403361344538,0.3257042253521127
8,0.24,0.09979101358411703
5.333,0.5833333333333334,0.37832699619771865
1.666,0.59375,0.3586206896551724
