,wer,cer
high,0.07792207792207792,0.03388973191704603
very low,0.6879194630872483,0.5202086049543677
mid,0.18859649122807018,0.08101472995090016
low,0.23043478260869565,0.12133891213389121
