{
    "TORGO: control": {
        "wer": 0.12456506610995129,
        "cer": 0.04644694757335558
    },
    "TORGO: dysarthric": {
        "wer": 0.42547770700636944,
        "cer": 0.22348680807035695
    },
    "UASPEECH: control": {
        "wer": 0.024925224327018942,
        "cer": 0.01056338028169014
    },
    "UASPEECH: dysarthric": {
        "wer": 0.2900964066608238,
        "cer": 0.1870782726045884
    },
    "control (all)": {
        "wer": 0.08360655737704918,
        "cer": 0.031063795979979342
    },
    "dysarthric (all)": {
        "wer": 0.34527518172377986,
        "cer": 0.20144986726567285
    }
}