{
    "TORGO": {
        "wer": 0.27542754275427545,
        "cer": 0.13819299990955955
    },
    "UASPEECH": {
        "wer": 0.2224813432835821,
        "cer": 0.13652419639703284
    },
    "L2Arctic": "Not in dataset"
}