{
    "TORGO: control": {
        "wer": 0.14961725817675714,
        "cer": 0.0589625921290502
    },
    "TORGO: dysarthric": {
        "wer": 0.5057324840764331,
        "cer": 0.28556647697878945
    },
    "UASPEECH: control": {
        "wer": 0.053838484546360914,
        "cer": 0.02112676056338028
    },
    "UASPEECH: dysarthric": {
        "wer": 0.37072743207712533,
        "cer": 0.24156545209176788
    },
    "control (all)": {
        "wer": 0.11024590163934427,
        "cer": 0.042742512115674904
    },
    "dysarthric (all)": {
        "wer": 0.4257528556593977,
        "cer": 0.25893404124974473
    }
}