{
    "TORGO": {
        "wer": 0.47985826184259606,
        "cer": 0.3237867344649667
    },
    "UASPEECH": {
        "wer": 0.5847771360876648,
        "cer": 0.455838881675277
    },
    "L2Arctic": "Not in dataset"
}