{
    "DYS": 2.2379274276576635,
    "CTL": 0.07217836748404434
}