{
    "CTL": {
        "1.666": 3.029987760097919,
        "2.333": 3.148659486709441,
        "5.333": 3.3344510936855136,
        "8": 0.6889460586494485
    }
}