{
    "CTL": {
        "high": 0.4666347220821144,
        "low": 3.0610168094924193,
        "mid": 2.0554156171284634,
        "very low": 4.4314090330788805
    }
}