{
    "all": {
        "wer": 0.6345347862531433,
        "cer": 0.4447387297908735
    },
    "dysarthria": {
        "wer": 0.7512437810945274,
        "cer": 0.5258896506692785
    }
}