,wer,cer
5.333,0.9477234401349073,0.7249392993409642
2.333,0.9673704414587332,0.720688980230965
8,0.3115492957746479,0.15906799596729024
1.666,0.9097560975609756,0.6723514211886304
