{
    "TORGO: control": {
        "wer": 0.04993514915693904,
        "cer": 0.02116066903193107
    },
    "TORGO: dysarthric": {
        "wer": 0.6534031413612565,
        "cer": 0.4504614405431208
    },
    "UASPEECH: control": {
        "wer": 0.02274975272007913,
        "cer": 0.005108556832694764
    },
    "UASPEECH: dysarthric": {
        "wer": 0.6837338906304423,
        "cer": 0.5362677431957286
    },
    "control (all)": {
        "wer": 0.03916960438699569,
        "cer": 0.014581619681447694
    },
    "dysarthric (all)": {
        "wer": 0.671616816565572,
        "cer": 0.5036312285656647
    }
}