,wer,cer
high,0.2313705054715998,0.1120226584627405
very low,1.0,0.9293767810680214
low,0.9551337359792925,0.7499201533056531
mid,0.7489139878366637,0.5091145833333334
