{
    "TORGO": {
        "wer": 0.6915686274509804,
        "cer": 0.3918918918918919
    },
    "UASPEECH": {
        "wer": 1.132642487046632,
        "cer": 0.655540611018089
    },
    "L2Arctic": {
        "wer": 0.2388833166165162,
        "cer": 0.09980920581922251
    }
}