{
    "DYS": 2.822817008771736,
    "L2": 0.42237117274425406,
    "CTL": 0.6933120882881342
}