{
    "CTL": {
        "1.666": 3.6829465334900116,
        "2.333": 3.0103082973864503,
        "5.333": 3.004100129477773,
        "8": 1.1561821758003255
    }
}