{
    "CTL": {
        "high": 1.598771480253241,
        "low": 3.4710539544235925,
        "mid": 3.0630239771965124,
        "very low": 4.879351069119841
    }
}