{
    "all": {
        "wer": 1.377056094474905,
        "cer": 0.6235936465916612
    },
    "dysarthria": {
        "wer": 1.5226932668329176,
        "cer": 0.706581352833638
    }
}