,wer,cer
5.333,1.0714285714285714,0.6431172614712308
8,0.47304347826086957,0.25660377358490566
2.333,1.1129883843717001,0.6982402780795134
1.666,1.2446555819477434,0.7866400797607178
