,wer,cer
low,1.5164075993091537,0.8735184283162851
high,0.7727509100364015,0.39976746439298516
very low,1.574538258575198,1.0373116479311169
mid,1.2994791666666667,0.7448411398624304
