{
    "TORGO: control": {
        "wer": 0.3683483068417415,
        "cer": 0.16417910447761194
    },
    "TORGO: dysarthric": {
        "wer": 0.8196003284971256,
        "cer": 0.48629834254143645
    },
    "UASPEECH: control": {
        "wer": 0.5218687872763419,
        "cer": 0.21046872150282692
    },
    "UASPEECH: dysarthric": {
        "wer": 1.2395199165072186,
        "cer": 0.7343931756494766
    },
    "control (all)": {
        "wer": 0.43130860171218915,
        "cer": 0.1837221837221837
    },
    "dysarthric (all)": {
        "wer": 1.076366730482876,
        "cer": 0.6428396672647203
    }
}