{
    "DYS": 2.206096251998861,
    "L2": 0.12525948578777354,
    "CTL": 0.05635917030567686
}