{
    "TORGO": {
        "wer": 0.4578515479298769,
        "cer": 0.3016899723323114
    },
    "UASPEECH": {
        "wer": 0.5726343847179032,
        "cer": 0.4438489377572727
    },
    "L2Arctic": {
        "wer": 0.06252615719427472,
        "cer": 0.02106725958866037
    }
}