{
    "CTL": {
        "high": 0.40600726318975083,
        "low": 3.144920072511536,
        "mid": 1.9533165407220823,
        "very low": 4.6337150127226465
    }
}