{
    "CTL": {
        "1.666": 3.0976897184822523,
        "2.333": 2.906307286892759,
        "5.333": 3.0566446553858855,
        "8": 0.5916565778853915
    }
}