{
    "all": {
        "wer": 0.6378876781223806,
        "cer": 0.4410969486288142
    },
    "dysarthria": {
        "wer": 0.7572139303482587,
        "cer": 0.5219719229513549
    }
}