,wer,cer
high,0.22146951537258988,0.09747045609922844
very low,0.9973562458691342,0.9270226737702887
low,0.9559965487489215,0.749441073139572
mid,0.7046046915725456,0.4674479166666667
