,wer,cer
5.333,0.9139966273187183,0.6621574748525841
2.333,0.9750479846449136,0.6856527696222353
8,0.24901408450704227,0.133303461409208
1.666,0.9243902439024391,0.6749354005167959
