{
    "TORGO: control": {
        "wer": 0.04928664072632944,
        "cer": 0.02040040547389762
    },
    "TORGO: dysarthric": {
        "wer": 0.6227748691099476,
        "cer": 0.41943354195396204
    },
    "UASPEECH: control": {
        "wer": 0.013847675568743818,
        "cer": 0.0038314176245210726
    },
    "UASPEECH: dysarthric": {
        "wer": 0.6710205503308951,
        "cer": 0.5223661935147805
    },
    "control (all)": {
        "wer": 0.03525264394829612,
        "cer": 0.013609511702684514
    },
    "dysarthric (all)": {
        "wer": 0.6517464965488392,
        "cer": 0.4832156546298164
    }
}