{
    "TORGO": {
        "wer": 0.2295229522952295,
        "cer": 0.10762412951071719
    },
    "UASPEECH": {
        "wer": 0.17957089552238806,
        "cer": 0.10914871070293182
    },
    "L2Arctic": {
        "wer": 0.08843422387554954,
        "cer": 0.029213483146067417
    }
}