{
    "TORGO: control": {
        "wer": 0.1315240083507307,
        "cer": 0.04755944931163955
    },
    "TORGO: dysarthric": {
        "wer": 0.4089171974522293,
        "cer": 0.21934816347646147
    },
    "UASPEECH: control": {
        "wer": 0.038883349950149554,
        "cer": 0.01519644180874722
    },
    "UASPEECH: dysarthric": {
        "wer": 0.3032427695004382,
        "cer": 0.1946693657219973
    }
}