,wer,cer
high,0.06233766233766234,0.02680829539706626
very low,0.7181208053691275,0.545632333767927
mid,0.19298245614035087,0.07774140752864157
low,0.2782608695652174,0.1414225941422594
