{
    "TORGO": {
        "wer": 0.24065836298932383,
        "cer": 0.11765735796200648
    },
    "UASPEECH": {
        "wer": 0.24129930394431554,
        "cer": 0.152317880794702
    },
    "L2Arctic": {
        "wer": 0.08569048114976047,
        "cer": 0.030418341568820603
    }
}