{
    "all": {
        "wer": 0.3668005354752343,
        "cer": 0.19510045823052521
    },
    "dysarthria": {
        "wer": 0.5255474452554745,
        "cer": 0.31483870967741934
    }
}