,wer,cer
8,0.19298245614035087,0.07754164273406089
5.333,0.7391304347826086,0.4268502581755594
1.666,0.8586956521739131,0.5048543689320388
2.333,0.71875,0.41537053979871913
