,wer,cer
high,0.1134020618556701,0.04640151515151515
mid,0.2597402597402597,0.15358931552587646
very low,0.7847682119205298,0.6027312228429547
low,0.38362068965517243,0.24437299035369775
