{
    "TORGO: control": {
        "wer": 0.1016949152542373,
        "cer": 0.03936282253817799
    },
    "TORGO: dysarthric": {
        "wer": 0.5058214747736093,
        "cer": 0.27305983799320616
    },
    "UASPEECH: control": {
        "wer": 0.08982035928143713,
        "cer": 0.035963095462248164
    },
    "UASPEECH: dysarthric": {
        "wer": 0.37294015611448394,
        "cer": 0.25255474452554744
    },
    "control (all)": {
        "wer": 0.09689140088817118,
        "cer": 0.03796389556054854
    },
    "dysarthric (all)": {
        "wer": 0.42627206645898236,
        "cer": 0.26040832666132907
    }
}