{
    "TORGO": {
        "wer": 0.23807380738073808,
        "cer": 0.11911006602152482
    },
    "UASPEECH": {
        "wer": 0.18889925373134328,
        "cer": 0.12054044507241257
    },
    "L2Arctic": {
        "wer": 0.11033141697666554,
        "cer": 0.04106741573033708
    }
}