,wer,cer
high,0.07012987012987013,0.03136064744562468
very low,0.7348993288590604,0.5684485006518905
mid,0.19736842105263158,0.10065466448445172
low,0.34782608695652173,0.18493723849372384
