,wer,cer
2.333,0.6722689075630253,0.39172535211267606
8,0.22933333333333333,0.10553814002089865
5.333,0.5370370370370371,0.3726235741444867
1.666,0.65625,0.4241379310344828
