{
    "TORGO: control": {
        "wer": 0.12734864300626306,
        "cer": 0.04881101376720901
    },
    "TORGO: dysarthric": {
        "wer": 0.4407643312101911,
        "cer": 0.24987066735644076
    },
    "UASPEECH: control": {
        "wer": 0.03389830508474576,
        "cer": 0.016123054114158635
    },
    "UASPEECH: dysarthric": {
        "wer": 0.32515337423312884,
        "cer": 0.21558704453441296
    },
    "control (all)": {
        "wer": 0.0889344262295082,
        "cer": 0.034797807261460235
    },
    "dysarthric (all)": {
        "wer": 0.37227414330218067,
        "cer": 0.22911986930773942
    }
}