{
    "TORGO": {
        "wer": 0.24392439243924394,
        "cer": 0.11693949534231708
    },
    "UASPEECH": {
        "wer": 0.17257462686567165,
        "cer": 0.10314376545390322
    },
    "L2Arctic": {
        "wer": 0.059900236726411905,
        "cer": 0.020529695024077046
    }
}