{
    "TORGO: control": {
        "wer": 0.14474599860821155,
        "cer": 0.05270476985120289
    },
    "TORGO: dysarthric": {
        "wer": 0.42547770700636944,
        "cer": 0.23642007242628038
    },
    "UASPEECH: control": {
        "wer": 0.03090727816550349,
        "cer": 0.010192735359525574
    },
    "UASPEECH: dysarthric": {
        "wer": 0.2971078001752848,
        "cer": 0.18775303643724697
    }
}