,wer,cer
high,0.07272727272727272,0.036418816388467376
very low,0.6845637583892618,0.5202086049543677
mid,0.20175438596491227,0.07610474631751228
low,0.26521739130434785,0.12552301255230125
