{
    "TORGO": {
        "wer": 0.3546679499518768,
        "cer": 0.18716577540106952
    },
    "UASPEECH": {
        "wer": 0.2682926829268293,
        "cer": 0.19058635819704828
    },
    "L2Arctic": {
        "wer": 0.10780684268337334,
        "cer": 0.038285325119569086
    }
}