{
    "all": {
        "wer": 0.3086269744835966,
        "cer": 0.19930236245441574
    },
    "dysarthria": {
        "wer": 0.5693430656934306,
        "cer": 0.3759923785328676
    }
}