{
    "TORGO": {
        "wer": 0.22457245724572458,
        "cer": 0.11368363932350548
    },
    "UASPEECH": {
        "wer": 0.19402985074626866,
        "cer": 0.11594842811727304
    },
    "L2Arctic": {
        "wer": 0.07934562056137978,
        "cer": 0.028796147672552168
    }
}