,wer,cer
high,0.08571428571428572,0.030349013657056147
very low,0.7315436241610739,0.5586701434159062
mid,0.21929824561403508,0.10147299509001637
low,0.3347826086956522,0.16234309623430962
