{
    "TORGO: control": {
        "wer": 0.12247738343771747,
        "cer": 0.05006257822277847
    },
    "TORGO: dysarthric": {
        "wer": 0.41146496815286626,
        "cer": 0.23202276254526644
    },
    "UASPEECH: control": {
        "wer": 0.03788634097706879,
        "cer": 0.014455151964418088
    },
    "UASPEECH: dysarthric": {
        "wer": 0.3312883435582822,
        "cer": 0.20833333333333334
    },
    "control (all)": {
        "wer": 0.08770491803278689,
        "cer": 0.034797807261460235
    },
    "dysarthric (all)": {
        "wer": 0.3639667705088266,
        "cer": 0.21768429650806617
    }
}