{
    "TORGO": {
        "wer": 0.40718074255405956,
        "cer": 0.2394680323806377
    },
    "UASPEECH": {
        "wer": 0.2680278019113814,
        "cer": 0.2049444354968594
    },
    "L2Arctic": "Not in dataset"
}