{
    "TORGO: control": {
        "wer": 0.13684913217623498,
        "cer": 0.048999865753792456
    },
    "TORGO: dysarthric": {
        "wer": 0.832109129066107,
        "cer": 0.544127120463818
    },
    "UASPEECH: control": {
        "wer": 0.0603448275862069,
        "cer": 0.03437198843559268
    },
    "UASPEECH: dysarthric": {
        "wer": 0.478984238178634,
        "cer": 0.376453488372093
    },
    "control (all)": {
        "wer": 0.10346124905944319,
        "cer": 0.042340036563071295
    },
    "dysarthric (all)": {
        "wer": 0.639618138424821,
        "cer": 0.44842842658309523
    }
}