{
    "TORGO": 0.7778209153818167,
    "UASPEECH": 0.785626102292769,
    "L2Arctic": "Not in dataset"
}