{
    "TORGO": {
        "wer": 0.8110137672090113,
        "cer": 0.34161071441259017
    },
    "UASPEECH": {
        "wer": 0.16064814814814815,
        "cer": 0.10776640577965081
    },
    "L2Arctic": {
        "wer": 0.09487681854183168,
        "cer": 0.03170021963383789
    }
}