,wer,cer
mid,0.1471861471861472,0.05238095238095238
very low,0.6854304635761589,0.5799142682180036
high,0.038860103626943004,0.009871668311944718
low,0.2918454935622318,0.1457821457821458
