{
    "TORGO: control": {
        "wer": 0.7699773966227895,
        "cer": 0.23330278832307894
    },
    "TORGO: dysarthric": {
        "wer": 0.895225102319236,
        "cer": 0.5701264983704358
    },
    "UASPEECH: control": {
        "wer": 0.022817460317460316,
        "cer": 0.007654455986878075
    },
    "UASPEECH: dysarthric": {
        "wer": 0.28125,
        "cer": 0.19723127035830618
    },
    "control (all)": {
        "wer": 0.681674287724235,
        "cer": 0.20495856416830732
    },
    "dysarthric (all)": {
        "wer": 0.7483911148017438,
        "cer": 0.4756837025120653
    }
}