{
    "TORGO": {
        "wer": 0.4548675867213726,
        "cer": 0.3043819636581171
    },
    "UASPEECH": {
        "wer": 0.575151784392122,
        "cer": 0.4502859352985054
    },
    "L2Arctic": {
        "wer": 0.02272537038587093,
        "cer": 0.006527435877074566
    }
}