{
    "TORGO: control": {
        "wer": 0.016861219195849545,
        "cer": 0.009503294475418145
    },
    "TORGO: dysarthric": {
        "wer": 0.631675392670157,
        "cer": 0.4278137265301793
    },
    "UASPEECH: control": {
        "wer": 0.01582591493570722,
        "cer": 0.0034665207079000184
    },
    "UASPEECH: dysarthric": {
        "wer": 0.6736328805294323,
        "cer": 0.5300169292876676
    },
    "control (all)": {
        "wer": 0.01645123384253819,
        "cer": 0.007029088461826067
    },
    "dysarthric (all)": {
        "wer": 0.6568709475005229,
        "cer": 0.49114383699818437
    }
}