,wer,cer
high,0.20323084940072955,0.09639613243480809
very low,1.0092531394580304,0.9473423367612439
low,0.9628990509059534,0.7486426061961035
mid,0.7254561251086012,0.4816080729166667
