{
    "TORGO": {
        "wer": 0.36311709506323947,
        "cer": 0.21138278539567157
    },
    "UASPEECH": {
        "wer": 0.2645525629887055,
        "cer": 0.19745530681269124
    },
    "L2Arctic": {
        "wer": 0.13271809852609215,
        "cer": 0.051460054400989566
    }
}