,wer,cer
1.666,0.8035714285714286,0.5238350294590252
5.333,0.6951871657754011,0.4444444444444444
