{
    "TORGO": {
        "wer": 0.23537353735373537,
        "cer": 0.11359319887853848
    },
    "UASPEECH": {
        "wer": 0.1767723880597015,
        "cer": 0.10605793006004945
    },
    "L2Arctic": {
        "wer": 0.08982921880284071,
        "cer": 0.029028892455858747
    }
}