{
    "TORGO: control": {
        "wer": 0.12874043145441894,
        "cer": 0.04964539007092199
    },
    "TORGO: dysarthric": {
        "wer": 0.4305732484076433,
        "cer": 0.23254009311950335
    },
    "UASPEECH: control": {
        "wer": 0.03290129611166501,
        "cer": 0.013528539659006671
    },
    "UASPEECH: dysarthric": {
        "wer": 0.3032427695004382,
        "cer": 0.1902834008097166
    }
}