,wer,cer
high,0.05194805194805195,0.02680829539706626
very low,0.7114093959731543,0.5286831812255541
mid,0.2149122807017544,0.088379705400982
low,0.2826086956521739,0.1305439330543933
