{
    "TORGO": {
        "wer": 0.5117011701170117,
        "cer": 0.27258750113050556
    },
    "UASPEECH": {
        "wer": 0.9155783582089553,
        "cer": 0.4975273754856941
    },
    "L2Arctic": {
        "wer": 0.24708319242475482,
        "cer": 0.10273675762439807
    }
}