{
    "CTL": 0.7678794782453319,
    "DYS": 2.6849121706398997,
    "L2": 0.43030751454460686
}