{
    "L2": {
        "1.666": 3.4494444444444445,
        "2.333": 2.7819801401869158,
        "5.333": 2.91875,
        "8": 1.2342735389610389
    }
}