{
    "L2": {
        "high": 1.2926799610894941,
        "low": 3.435551811288964,
        "mid": 2.820705024311183,
        "very low": 4.764370584457289
    }
}