{
    "all": {
        "wer": 1.0813333333333333,
        "cer": 0.44967994310099574
    },
    "dysarthria": {
        "wer": 1.4790575916230366,
        "cer": 0.6800989749027925
    }
}