,wer,cer
2.333,1.1050420168067228,0.6848591549295775
8,0.3973333333333333,0.22361546499477533
5.333,1.0555555555555556,0.6711026615969582
1.666,1.0625,0.7068965517241379
