{
    "DYS": 2.3135453721911663,
    "L2": 0.11530750020303744,
    "CTL": 0.03731071947985285
}