{
    "TORGO": {
        "wer": 0.46862745098039216,
        "cer": 0.3100296828620528
    },
    "UASPEECH": {
        "wer": 0.5703923019985196,
        "cer": 0.4444017457659685
    },
    "L2Arctic": {
        "wer": 0.05357739886325644,
        "cer": 0.016487797122187772
    }
}