{
    "CTL": {
        "1.666": 3.042009400705053,
        "2.333": 3.2967838112154277,
        "5.333": 3.710563228312473,
        "8": 0.6948589256646771
    }
}