{
    "CTL": {
        "high": 0.49179730680333633,
        "low": 3.1736134383378016,
        "mid": 2.20818661971831,
        "very low": 4.452402411735455
    }
}