{
    "all": {
        "wer": 0.6457191058625052,
        "cer": 0.4469446282814913
    },
    "dysarthria": {
        "wer": 0.7625935162094764,
        "cer": 0.5289892922434056
    }
}