{
    "TORGO: control": {
        "wer": 0.0221147201105736,
        "cer": 0.011060767590618336
    },
    "TORGO: dysarthric": {
        "wer": 0.6454968519025458,
        "cer": 0.4339779005524862
    },
    "UASPEECH: control": {
        "wer": 0.013916500994035786,
        "cer": 0.004012401969724603
    },
    "UASPEECH: dysarthric": {
        "wer": 0.6677683075317447,
        "cer": 0.522424712420835
    },
    "control (all)": {
        "wer": 0.018752547900529964,
        "cer": 0.008085008085008085
    },
    "dysarthric (all)": {
        "wer": 0.6591150818974686,
        "cer": 0.4897855162290002
    }
}