,wer,cer
low,0.9283246977547496,0.7215457054716675
high,0.2204888195527821,0.10270322643154733
very low,0.9993403693931399,0.9176034441521167
mid,0.7161458333333334,0.4898460530625614
