,wer,cer
5.333,0.9446428571428571,0.7272396212672979
8,0.3060869565217391,0.14911377930245856
2.333,0.9577613516367476,0.7091027590701716
1.666,0.9358669833729216,0.6430707876370887
