{
    "CTL": 0.1458832136206438,
    "DYS": 1.028159187318598,
    "L2": 0.2357715246039391
}