{
    "L2": {
        "1.666": 1.9390625,
        "2.333": 1.4887088204038257,
        "5.333": 1.8766703786191536,
        "8": 0.4689297124600639
    }
}