,wer,cer
high,0.06701030927835051,0.029829545454545456
mid,0.2683982683982684,0.12103505843071787
very low,0.7913907284768212,0.6058348851644941
low,0.40086206896551724,0.2202572347266881
