{
    "TORGO: control": {
        "wer": 0.1376271186440678,
        "cer": 0.05423907319641917
    },
    "TORGO: dysarthric": {
        "wer": 0.45278137128072443,
        "cer": 0.2508492291612229
    },
    "UASPEECH: control": {
        "wer": 0.0499001996007984,
        "cer": 0.018075691960082848
    },
    "UASPEECH: dysarthric": {
        "wer": 0.3642671292281006,
        "cer": 0.2364963503649635
    },
    "control (all)": {
        "wer": 0.10213968510294712,
        "cer": 0.03935848764236461
    },
    "dysarthric (all)": {
        "wer": 0.39979231568016615,
        "cer": 0.24199359487590072
    }
}