{
    "TORGO": 0.5159977856100024,
    "UASPEECH": 0.4901639344262295,
    "L2Arctic": 0.2170058745692129
}