{
    "TORGO: control": 0.40376777972658656,
    "TORGO: dysarthric": 0.7192387480329603,
    "UASPEECH: control": 0.2623115577889447,
    "UASPEECH: dysarthric": 0.6890350877192982
}