,wer,cer
high,0.08421052631578947,0.045476077688299386
low,0.5208333333333334,0.3089430894308943
very low,0.9005376344086021,0.7611940298507462
