,wer,cer
1.666,0.8531073446327684,0.5430622009569378
8,0.46956521739130436,0.24613180515759311
