{
    "TORGO: control": {
        "wer": 0.10735009671179883,
        "cer": 0.036346516007532956
    },
    "TORGO: dysarthric": {
        "wer": 0.5996168582375478,
        "cer": 0.342309182487408
    },
    "UASPEECH: control": {
        "wer": 0.04224137931034483,
        "cer": 0.01850387474300174
    },
    "UASPEECH: dysarthric": {
        "wer": 0.49911971830985913,
        "cer": 0.3657437218287186
    },
    "control (all)": {
        "wer": 0.07292616226071102,
        "cer": 0.026648328032321842
    },
    "dysarthric (all)": {
        "wer": 0.5472477064220184,
        "cer": 0.35510814137506597
    }
}