{
    "all": {
        "wer": 0.3049645390070922,
        "cer": 0.20310539523212046
    },
    "dysarthria": {
        "wer": 0.5647921760391198,
        "cer": 0.3785621761658031
    }
}