,wer,cer
mid,0.34564643799472294,0.17560255779636005
very low,0.9689119170984456,0.8522727272727273
high,0.1220159151193634,0.060576453346360526
