{
    "TORGO: control": {
        "wer": 0.12349799732977303,
        "cer": 0.04577795677272117
    },
    "TORGO: dysarthric": {
        "wer": 0.7397691500524659,
        "cer": 0.4762722782907451
    },
    "UASPEECH: control": {
        "wer": 0.05,
        "cer": 0.027465467394796016
    },
    "UASPEECH: dysarthric": {
        "wer": 0.48248686514886163,
        "cer": 0.36837855297157623
    },
    "control (all)": {
        "wer": 0.09142212189616253,
        "cer": 0.03744058500914077
    },
    "dysarthric (all)": {
        "wer": 0.5995226730310262,
        "cer": 0.41469259839616557
    }
}