{
    "TORGO": {
        "wer": 0.41697266421868623,
        "cer": 0.2521063935238725
    },
    "UASPEECH": {
        "wer": 0.2741094700260643,
        "cer": 0.19721372201642776
    },
    "L2Arctic": "Not in dataset"
}