{
    "all": {
        "wer": 0.3132387706855792,
        "cer": 0.20467377666248432
    },
    "dysarthria": {
        "wer": 0.5672371638141809,
        "cer": 0.38406735751295334
    }
}