,wer,cer
mid,0.35092348284960423,0.1824889326119036
very low,0.9715025906735751,0.8394886363636364
high,0.14588859416445624,0.06595017098192477
