,wer,cer
1.666,0.8826530612244898,0.6031065881092662
5.333,0.8431372549019608,0.5544802867383513
