{
    "TORGO: control": {
        "wer": 0.13551401869158877,
        "cer": 0.05087931265941737
    },
    "TORGO: dysarthric": {
        "wer": 0.8593913955928646,
        "cer": 0.5739746617994417
    },
    "UASPEECH: control": {
        "wer": 0.05862068965517241,
        "cer": 0.0273048506264054
    },
    "UASPEECH: dysarthric": {
        "wer": 0.4929947460595447,
        "cer": 0.3680555555555556
    },
    "control (all)": {
        "wer": 0.1019563581640331,
        "cer": 0.040146252285191954
    },
    "dysarthric (all)": {
        "wer": 0.6596658711217184,
        "cer": 0.4564475988570375
    }
}