{
    "TORGO": {
        "wer": 0.19280442804428044,
        "cer": 0.09658880237300704
    },
    "UASPEECH": {
        "wer": 0.18986175115207374,
        "cer": 0.11925907130170008
    },
    "L2Arctic": {
        "wer": 0.5310720372448767,
        "cer": 0.232615365201549
    }
}