{
    "all": {
        "wer": 0.2364341085271318,
        "cer": 0.13
    },
    "dysarthria": {
        "wer": 0.43781094527363185,
        "cer": 0.2485474499677211
    }
}