,wer,cer
1.666,0.7303370786516854,0.45905707196029777
8,0.15976331360946747,0.07441574415744158
2.333,0.5303867403314917,0.31755196304849886
5.333,0.6597938144329897,0.4418604651162791
