,wer,cer
high,0.03324808184143223,0.010452961672473868
very low,0.8071895424836601,0.5806639487478159
mid,0.20434782608695654,0.09076923076923077
low,0.329004329004329,0.1754111198120595
