{
    "TORGO: control": {
        "wer": 0.09501025290498975,
        "cer": 0.033962264150943396
    },
    "TORGO: dysarthric": {
        "wer": 0.39574468085106385,
        "cer": 0.2345605700712589
    },
    "UASPEECH: control": {
        "wer": 0.02865612648221344,
        "cer": 0.009057971014492754
    },
    "UASPEECH: dysarthric": {
        "wer": 0.33074265975820377,
        "cer": 0.21577026812628908
    },
    "control (all)": {
        "wer": 0.06787878787878789,
        "cer": 0.023338485316846985
    },
    "dysarthric (all)": {
        "wer": 0.3553408480944713,
        "cer": 0.2223141350429118
    }
}