{
    "TORGO": {
        "wer": 0.5009324878776575,
        "cer": 0.31365437822478126
    },
    "UASPEECH": {
        "wer": 0.5941063231156523,
        "cer": 0.4418321960383457
    },
    "L2Arctic": {
        "wer": 0.11312463379928016,
        "cer": 0.04139601365838164
    }
}