{
    "all": {
        "wer": 0.6743503772003353,
        "cer": 0.4417590906582795
    },
    "dysarthria": {
        "wer": 0.7920398009950249,
        "cer": 0.5211883774077701
    }
}