,wer,cer
5.333,0.8735244519392917,0.6309399930627818
2.333,0.9779270633397313,0.6692111959287532
8,0.3205633802816901,0.16702139576565475
1.666,0.926829268292683,0.6677002583979328
