{
    "TORGO: control": {
        "wer": 0.1297016861219196,
        "cer": 0.0466294982260517
    },
    "TORGO: dysarthric": {
        "wer": 0.6507853403141362,
        "cer": 0.42542696510024397
    },
    "UASPEECH: control": {
        "wer": 0.032640949554896145,
        "cer": 0.009304871373836891
    },
    "UASPEECH: dysarthric": {
        "wer": 0.6929641239986067,
        "cer": 0.5190128923036854
    },
    "control (all)": {
        "wer": 0.09126517822169997,
        "cer": 0.031331787930905554
    },
    "dysarthric (all)": {
        "wer": 0.6761137837272537,
        "cer": 0.48341738955013114
    }
}