,wer,cer
high,0.24596143824908806,0.11319464791483544
very low,1.0165234633179114,0.9173584438111758
low,0.9611734253666955,0.7162248482912807
mid,0.7428323197219809,0.4710286458333333
