{
    "TORGO": {
        "wer": 0.2722772277227723,
        "cer": 0.134394501220946
    },
    "UASPEECH": {
        "wer": 0.2103544776119403,
        "cer": 0.1283998587071706
    },
    "L2Arctic": "Not in dataset"
}