{
    "TORGO: control": {
        "wer": 0.13917884481558804,
        "cer": 0.05284383256848839
    },
    "TORGO: dysarthric": {
        "wer": 0.5159235668789809,
        "cer": 0.28608380755302637
    },
    "UASPEECH: control": {
        "wer": 0.03489531405782652,
        "cer": 0.014084507042253521
    },
    "UASPEECH: dysarthric": {
        "wer": 0.36459246275197194,
        "cer": 0.2324561403508772
    },
    "control (all)": {
        "wer": 0.09631147540983606,
        "cer": 0.036227854135218875
    },
    "dysarthric (all)": {
        "wer": 0.42627206645898236,
        "cer": 0.25362466816418217
    }
}