{
    "all": {
        "wer": 0.3144208037825059,
        "cer": 0.2189460476787955
    },
    "dysarthria": {
        "wer": 0.5672371638141809,
        "cer": 0.4022020725388601
    }
}