,wer,cer
mid,0.3245382585751979,0.190850959173635
very low,0.9792746113989638,0.8517992424242424
high,0.1220159151193634,0.07034684904738642
