,wer,cer
1.666,0.8775510204081632,0.6020353508302089
5.333,0.8003565062388592,0.5053763440860215
