{
    "TORGO": {
        "wer": 0.47407683700111897,
        "cer": 0.31144844088835716
    },
    "UASPEECH": {
        "wer": 0.5778172664001184,
        "cer": 0.4557007486808299
    },
    "L2Arctic": {
        "wer": 0.03553193270277057,
        "cer": 0.010513777495433972
    }
}