{
    "TORGO: control": {
        "wer": 0.0324254215304799,
        "cer": 0.01583882412569691
    },
    "TORGO: dysarthric": {
        "wer": 0.6523560209424084,
        "cer": 0.43518616739153493
    },
    "UASPEECH: control": {
        "wer": 0.012858555885262116,
        "cer": 0.0029191753329684362
    },
    "UASPEECH: dysarthric": {
        "wer": 0.6772901428073842,
        "cer": 0.5364956374527934
    }
}