,wer,cer
high,0.2303282959874935,0.1072370348666862
very low,0.9953734302709848,0.9399083137157725
low,0.9456427955133736,0.7419354838709677
mid,0.7341442224152911,0.5125325520833334
